{
  "name": "project",
  "type": "ARM",
  "dependenceList": [],
  "srcDirs": [],
  "virtualFolder": {
    "name": "<virtual_root>",
    "files": [],
    "folders": [
      {
        "name": "Start",
        "files": [
          {
            "path": "start/startup_stm32f10x_md.s"
          },
          {
            "path": "start/core_cm3.c"
          },
          {
            "path": "start/core_cm3.h"
          },
          {
            "path": "start/stm32f10x.h"
          },
          {
            "path": "start/system_stm32f10x.c"
          },
          {
            "path": "start/system_stm32f10x.h"
          }
        ],
        "folders": []
      },
      {
        "name": "Library",
        "files": [
          {
            "path": "Library/misc.c"
          },
          {
            "path": "Library/misc.h"
          },
          {
            "path": "Library/stm32f10x_adc.c"
          },
          {
            "path": "Library/stm32f10x_adc.h"
          },
          {
            "path": "Library/stm32f10x_bkp.c"
          },
          {
            "path": "Library/stm32f10x_bkp.h"
          },
          {
            "path": "Library/stm32f10x_can.c"
          },
          {
            "path": "Library/stm32f10x_can.h"
          },
          {
            "path": "Library/stm32f10x_cec.c"
          },
          {
            "path": "Library/stm32f10x_cec.h"
          },
          {
            "path": "Library/stm32f10x_crc.c"
          },
          {
            "path": "Library/stm32f10x_crc.h"
          },
          {
            "path": "Library/stm32f10x_dac.c"
          },
          {
            "path": "Library/stm32f10x_dac.h"
          },
          {
            "path": "Library/stm32f10x_dbgmcu.c"
          },
          {
            "path": "Library/stm32f10x_dbgmcu.h"
          },
          {
            "path": "Library/stm32f10x_dma.c"
          },
          {
            "path": "Library/stm32f10x_dma.h"
          },
          {
            "path": "Library/stm32f10x_exti.c"
          },
          {
            "path": "Library/stm32f10x_exti.h"
          },
          {
            "path": "Library/stm32f10x_flash.c"
          },
          {
            "path": "Library/stm32f10x_flash.h"
          },
          {
            "path": "Library/stm32f10x_fsmc.c"
          },
          {
            "path": "Library/stm32f10x_fsmc.h"
          },
          {
            "path": "Library/stm32f10x_gpio.c"
          },
          {
            "path": "Library/stm32f10x_gpio.h"
          },
          {
            "path": "Library/stm32f10x_i2c.c"
          },
          {
            "path": "Library/stm32f10x_i2c.h"
          },
          {
            "path": "Library/stm32f10x_iwdg.c"
          },
          {
            "path": "Library/stm32f10x_iwdg.h"
          },
          {
            "path": "Library/stm32f10x_pwr.c"
          },
          {
            "path": "Library/stm32f10x_pwr.h"
          },
          {
            "path": "Library/stm32f10x_rcc.c"
          },
          {
            "path": "Library/stm32f10x_rcc.h"
          },
          {
            "path": "Library/stm32f10x_rtc.c"
          },
          {
            "path": "Library/stm32f10x_rtc.h"
          },
          {
            "path": "Library/stm32f10x_sdio.c"
          },
          {
            "path": "Library/stm32f10x_sdio.h"
          },
          {
            "path": "Library/stm32f10x_spi.c"
          },
          {
            "path": "Library/stm32f10x_spi.h"
          },
          {
            "path": "Library/stm32f10x_tim.c"
          },
          {
            "path": "Library/stm32f10x_tim.h"
          },
          {
            "path": "Library/stm32f10x_usart.c"
          },
          {
            "path": "Library/stm32f10x_usart.h"
          },
          {
            "path": "Library/stm32f10x_wwdg.c"
          },
          {
            "path": "Library/stm32f10x_wwdg.h"
          }
        ],
        "folders": []
      },
      {
        "name": "Hardware",
        "files": [
          {
            "path": "Hardware/key.c"
          },
          {
            "path": "Hardware/key.h"
          },
          {
            "path": "Hardware/LED.c"
          },
          {
            "path": "Hardware/LED.h"
          },
          {
            "path": "Hardware/Buzzer.c"
          },
          {
            "path": "Hardware/Buzzer.h"
          },
          {
            "path": "Hardware/LightSensor.c"
          },
          {
            "path": "Hardware/LightSensor.h"
          }
        ],
        "folders": []
      },
      {
        "name": "Sysetm",
        "files": [
          {
            "path": "Sysetm/Delay.c"
          },
          {
            "path": "Sysetm/Delay.h"
          }
        ],
        "folders": []
      },
      {
        "name": "User",
        "files": [
          {
            "path": "User/main.c"
          },
          {
            "path": "User/stm32f10x_conf.h"
          },
          {
            "path": "User/stm32f10x_it.c"
          },
          {
            "path": "User/stm32f10x_it.h"
          }
        ],
        "folders": []
      }
    ]
  },
  "outDir": "build",
  "deviceName": null,
  "packDir": null,
  "miscInfo": {
    "uid": "c09d1d2c821346aa37e519072ecd33a7"
  },
  "targets": {
    "Target 1": {
      "excludeList": [],
      "toolchain": "AC5",
      "compileConfig": {
        "cpuType": "Cortex-M4",
        "floatingPointHardware": "none",
        "scatterFilePath": "",
        "useCustomScatterFile": false,
        "storageLayout": {
          "RAM": [
            {
              "tag": "RAM",
              "id": 1,
              "mem": {
                "startAddr": "0x0",
                "size": "0x0"
              },
              "isChecked": false,
              "noInit": false
            },
            {
              "tag": "RAM",
              "id": 2,
              "mem": {
                "startAddr": "0x0",
                "size": "0x0"
              },
              "isChecked": false,
              "noInit": false
            },
            {
              "tag": "RAM",
              "id": 3,
              "mem": {
                "startAddr": "0x0",
                "size": "0x0"
              },
              "isChecked": false,
              "noInit": false
            },
            {
              "tag": "IRAM",
              "id": 1,
              "mem": {
                "startAddr": "0x20000000",
                "size": "0x5000"
              },
              "isChecked": true,
              "noInit": false
            },
            {
              "tag": "IRAM",
              "id": 2,
              "mem": {
                "startAddr": "0x0",
                "size": "0x0"
              },
              "isChecked": false,
              "noInit": false
            }
          ],
          "ROM": [
            {
              "tag": "ROM",
              "id": 1,
              "mem": {
                "startAddr": "0x0",
                "size": "0x0"
              },
              "isChecked": false,
              "isStartup": false
            },
            {
              "tag": "ROM",
              "id": 2,
              "mem": {
                "startAddr": "0x0",
                "size": "0x0"
              },
              "isChecked": false,
              "isStartup": false
            },
            {
              "tag": "ROM",
              "id": 3,
              "mem": {
                "startAddr": "0x0",
                "size": "0x0"
              },
              "isChecked": false,
              "isStartup": false
            },
            {
              "tag": "IROM",
              "id": 1,
              "mem": {
                "startAddr": "0x8000000",
                "size": "0x10000"
              },
              "isChecked": true,
              "isStartup": true
            },
            {
              "tag": "IROM",
              "id": 2,
              "mem": {
                "startAddr": "0x0",
                "size": "0x0"
              },
              "isChecked": false,
              "isStartup": false
            }
          ]
        },
        "options": "null"
      },
      "uploader": "OpenOCD",
      "uploadConfig": {
        "bin": "",
        "target": "stm32f1x",
        "interface": "stlink",
        "baseAddr": "0x08000000"
      },
      "uploadConfigMap": {
        "JLink": {
          "bin": "",
          "baseAddr": "",
          "cpuInfo": {
            "vendor": "null",
            "cpuName": "null"
          },
          "proType": 1,
          "speed": 8000,
          "otherCmds": ""
        },
        "STLink": {
          "bin": "",
          "proType": "SWD",
          "resetMode": "default",
          "runAfterProgram": true,
          "speed": 4000,
          "address": "0x8000000",
          "elFile": "None",
          "optionBytes": ".eide/target 1.st.option.bytes.ini",
          "otherCmds": ""
        }
      },
      "custom_dep": {
        "name": "default",
        "incList": [
          "start",
          "User",
          "Library",
          "Sysetm",
          "Hardware",
          ".cmsis/include",
          "RTE/_Target 1"
        ],
        "libList": [],
        "defineList": [
          "USE_STDPERIPH_DRIVER"
        ]
      },
      "builderOptions": {
        "AC5": {
          "version": 4,
          "beforeBuildTasks": [],
          "afterBuildTasks": [],
          "global": {
            "use-microLIB": false,
            "output-debug-info": "enable"
          },
          "c/cpp-compiler": {
            "optimization": "level-0",
            "one-elf-section-per-function": true,
            "c99-mode": true,
            "C_FLAGS": "--diag_suppress=1 --diag_suppress=1295",
            "CXX_FLAGS": "--diag_suppress=1 --diag_suppress=1295",
            "warnings": "all-warnings"
          },
          "asm-compiler": {},
          "linker": {
            "output-format": "elf",
            "xo-base": "",
            "ro-base": "0x08000000",
            "rw-base": "0x20000000",
            "$disableOutputTask": true
          }
        }
      }
    }
  },
  "version": "3.5"
}